interfaceId,ctr
control,0.0
large_long,0.4444444444444444
large_short,-0.178743961352657
small_short,0.4444444444444444
