interfaceId,ctr
control,0.0
large_long,0.058463466358203195
large_short,-0.009999999999999998
small_long,-0.010952380952380955
small_short,0.020167577520518697
